FIPS,clusters
1001,cluster_3
1003,cluster_3
1005,cluster_3
1007,cluster_3
1009,cluster_3
1011,cluster_2
1013,cluster_3
1015,cluster_3
1017,cluster_3
1019,cluster_3
1021,cluster_3
1023,cluster_3
1025,cluster_3
1027,cluster_3
1029,cluster_3
1031,cluster_3
1033,cluster_3
1035,cluster_3
1037,cluster_3
1039,cluster_3
1041,cluster_3
1043,cluster_3
1045,cluster_3
1047,cluster_2
1049,cluster_3
1051,cluster_3
1053,cluster_3
1055,cluster_3
1057,cluster_3
1059,cluster_3
1061,cluster_3
1063,cluster_2
1065,cluster_3
1067,cluster_3
1069,cluster_3
1071,cluster_3
1073,cluster_3
1075,cluster_3
1077,cluster_3
1079,cluster_3
1081,cluster_3
1083,cluster_3
1085,cluster_2
1087,cluster_2
1089,cluster_3
1091,cluster_3
1093,cluster_3
1095,cluster_3
1097,cluster_3
1099,cluster_3
1101,cluster_3
1103,cluster_3
1105,cluster_2
1107,cluster_3
1109,cluster_3
1111,cluster_3
1113,cluster_3
1115,cluster_3
1117,cluster_3
1119,cluster_2
1121,cluster_3
1123,cluster_3
1125,cluster_3
1127,cluster_3
1129,cluster_3
1131,cluster_2
1133,cluster_3
2013,cluster_8
2016,cluster_8
2020,cluster_8
2050,cluster_4
2060,cluster_8
2068,cluster_5
2070,cluster_4
2090,cluster_8
2100,cluster_8
2110,cluster_8
2122,cluster_8
2130,cluster_8
2150,cluster_8
2164,cluster_4
2170,cluster_8
2180,cluster_4
2185,cluster_8
2188,cluster_4
2220,cluster_8
2240,cluster_8
2261,cluster_8
2282,cluster_8
2290,cluster_4
4001,cluster_8
4003,cluster_8
4005,cluster_8
4007,cluster_8
4009,cluster_8
4011,cluster_8
4012,cluster_8
4013,cluster_8
4015,cluster_8
4017,cluster_8
4019,cluster_8
4021,cluster_8
4023,cluster_8
4025,cluster_8
4027,cluster_8
5001,cluster_8
5003,cluster_8
5005,cluster_8
5007,cluster_8
5009,cluster_8
5011,cluster_8
5013,cluster_8
5015,cluster_8
5017,cluster_8
5019,cluster_8
5021,cluster_8
5023,cluster_8
5025,cluster_8
5027,cluster_8
5029,cluster_8
5031,cluster_8
5033,cluster_8
5035,cluster_8
5037,cluster_8
5039,cluster_8
5041,cluster_8
5043,cluster_8
5045,cluster_8
5047,cluster_8
5049,cluster_8
5051,cluster_8
5053,cluster_8
5055,cluster_8
5057,cluster_8
5059,cluster_8
5061,cluster_8
5063,cluster_8
5065,cluster_8
5067,cluster_8
5069,cluster_8
5071,cluster_8
5073,cluster_8
5075,cluster_8
5077,cluster_8
5079,cluster_8
5081,cluster_8
5083,cluster_8
5085,cluster_8
5087,cluster_8
5089,cluster_8
5091,cluster_8
5093,cluster_8
5095,cluster_8
5097,cluster_8
5099,cluster_8
5101,cluster_8
5103,cluster_8
5105,cluster_8
5107,cluster_8
5109,cluster_8
5111,cluster_8
5113,cluster_8
5115,cluster_8
5117,cluster_8
5119,cluster_8
5121,cluster_8
5123,cluster_8
5125,cluster_8
5127,cluster_8
5129,cluster_8
5131,cluster_8
5133,cluster_8
5135,cluster_8
5137,cluster_8
5139,cluster_8
5141,cluster_8
5143,cluster_8
5145,cluster_8
5147,cluster_8
5149,cluster_8
6001,cluster_6
6003,cluster_6
6005,cluster_6
6007,cluster_6
6009,cluster_6
6011,cluster_6
6013,cluster_6
6015,cluster_6
6017,cluster_6
6019,cluster_6
6021,cluster_6
6023,cluster_6
6025,cluster_6
6027,cluster_6
6029,cluster_6
6031,cluster_6
6033,cluster_6
6035,cluster_6
6037,cluster_6
6039,cluster_6
6041,cluster_6
6043,cluster_6
6045,cluster_6
6047,cluster_6
6049,cluster_6
6051,cluster_6
6053,cluster_6
6055,cluster_6
6057,cluster_6
6059,cluster_6
6061,cluster_6
6063,cluster_6
6065,cluster_6
6067,cluster_6
6069,cluster_6
6071,cluster_6
6073,cluster_6
6075,cluster_6
6077,cluster_6
6079,cluster_6
6081,cluster_6
6083,cluster_6
6085,cluster_6
6087,cluster_6
6089,cluster_6
6091,cluster_5
6093,cluster_6
6095,cluster_6
6097,cluster_6
6099,cluster_6
6101,cluster_6
6103,cluster_6
6105,cluster_6
6107,cluster_6
6109,cluster_6
6111,cluster_6
6113,cluster_6
6115,cluster_6
8001,cluster_6
8003,cluster_6
8005,cluster_6
8007,cluster_6
8009,cluster_6
8011,cluster_6
8013,cluster_6
8015,cluster_6
8017,cluster_6
8019,cluster_6
8021,cluster_6
8023,cluster_5
8025,cluster_6
8027,cluster_6
8029,cluster_6
8031,cluster_6
8033,cluster_5
8035,cluster_6
8037,cluster_6
8039,cluster_6
8041,cluster_6
8043,cluster_6
8045,cluster_6
8047,cluster_6
8049,cluster_6
8051,cluster_6
8053,cluster_6
8055,cluster_6
8057,cluster_6
8059,cluster_6
8061,cluster_5
8063,cluster_6
8065,cluster_6
8067,cluster_6
8069,cluster_6
8071,cluster_6
8073,cluster_6
8075,cluster_6
8077,cluster_6
8079,cluster_6
8081,cluster_6
8083,cluster_6
8085,cluster_6
8087,cluster_6
8089,cluster_6
8091,cluster_6
8093,cluster_6
8095,cluster_6
8097,cluster_6
8099,cluster_6
8101,cluster_6
8103,cluster_6
8105,cluster_6
8107,cluster_6
8109,cluster_6
8111,cluster_5
8113,cluster_6
8115,cluster_6
8117,cluster_6
8119,cluster_6
8121,cluster_6
8123,cluster_6
8125,cluster_6
9001,cluster_6
9003,cluster_6
9005,cluster_6
9007,cluster_6
9009,cluster_6
9011,cluster_6
9013,cluster_6
9015,cluster_6
10001,cluster_8
10003,cluster_8
10005,cluster_8
11001,cluster_6
12001,cluster_6
12003,cluster_8
12005,cluster_8
12007,cluster_8
12009,cluster_6
12011,cluster_6
12013,cluster_8
12015,cluster_6
12017,cluster_6
12019,cluster_6
12021,cluster_6
12023,cluster_8
12027,cluster_8
12029,cluster_8
12031,cluster_6
12033,cluster_8
12035,cluster_6
12037,cluster_8
12039,cluster_8
12041,cluster_8
12043,cluster_8
12045,cluster_8
12047,cluster_8
12049,cluster_8
12051,cluster_8
12053,cluster_6
12055,cluster_8
12057,cluster_6
12059,cluster_8
12061,cluster_6
12063,cluster_8
12065,cluster_8
12067,cluster_8
12069,cluster_8
12071,cluster_6
12073,cluster_6
12075,cluster_8
12077,cluster_8
12079,cluster_8
12081,cluster_6
12083,cluster_8
12085,cluster_6
12086,cluster_6
12087,cluster_6
12089,cluster_6
12091,cluster_6
12093,cluster_8
12095,cluster_6
12097,cluster_8
12099,cluster_6
12101,cluster_8
12103,cluster_6
12105,cluster_8
12107,cluster_8
12109,cluster_6
12111,cluster_8
12113,cluster_6
12115,cluster_6
12117,cluster_6
12119,cluster_6
12121,cluster_8
12123,cluster_8
12125,cluster_8
12127,cluster_8
12129,cluster_8
12131,cluster_6
12133,cluster_8
13001,cluster_8
13003,cluster_8
13005,cluster_8
13007,cluster_8
13009,cluster_8
13011,cluster_8
13013,cluster_8
13015,cluster_8
13017,cluster_8
13019,cluster_8
13021,cluster_8
13023,cluster_8
13025,cluster_8
13027,cluster_8
13029,cluster_7
13031,cluster_8
13033,cluster_8
13035,cluster_8
13037,cluster_8
13039,cluster_8
13043,cluster_8
13045,cluster_8
13047,cluster_8
13049,cluster_8
13051,cluster_8
13053,cluster_7
13055,cluster_8
13057,cluster_7
13059,cluster_8
13061,cluster_8
13063,cluster_8
13065,cluster_8
13067,cluster_8
13069,cluster_8
13071,cluster_8
13073,cluster_7
13075,cluster_8
13077,cluster_7
13079,cluster_8
13081,cluster_8
13083,cluster_8
13085,cluster_8
13087,cluster_8
13089,cluster_8
13091,cluster_8
13093,cluster_8
13095,cluster_8
13097,cluster_8
13099,cluster_8
13101,cluster_8
13103,cluster_8
13105,cluster_8
13107,cluster_8
13109,cluster_8
13111,cluster_8
13113,cluster_7
13115,cluster_8
13117,cluster_7
13119,cluster_8
13121,cluster_8
13123,cluster_8
13125,cluster_7
13127,cluster_8
13129,cluster_8
13131,cluster_8
13133,cluster_8
13135,cluster_8
13137,cluster_8
13139,cluster_8
13141,cluster_8
13143,cluster_8
13145,cluster_8
13147,cluster_8
13149,cluster_8
13151,cluster_8
13153,cluster_8
13155,cluster_8
13157,cluster_8
13159,cluster_8
13161,cluster_8
13163,cluster_8
13165,cluster_8
13167,cluster_8
13169,cluster_8
13171,cluster_8
13173,cluster_8
13175,cluster_8
13177,cluster_7
13179,cluster_8
13181,cluster_8
13183,cluster_8
13185,cluster_8
13187,cluster_8
13189,cluster_8
13191,cluster_8
13193,cluster_8
13195,cluster_8
13197,cluster_8
13199,cluster_8
13201,cluster_8
13205,cluster_8
13207,cluster_8
13209,cluster_8
13211,cluster_8
13213,cluster_8
13215,cluster_8
13217,cluster_8
13219,cluster_7
13221,cluster_8
13223,cluster_7
13225,cluster_8
13227,cluster_8
13229,cluster_8
13231,cluster_8
13233,cluster_8
13235,cluster_8
13237,cluster_8
13239,cluster_8
13241,cluster_8
13243,cluster_8
13245,cluster_8
13247,cluster_8
13249,cluster_8
13251,cluster_8
13253,cluster_8
13255,cluster_8
13257,cluster_8
13259,cluster_8
13261,cluster_8
13263,cluster_8
13265,cluster_8
13267,cluster_8
13269,cluster_8
13271,cluster_8
13273,cluster_8
13275,cluster_8
13277,cluster_8
13279,cluster_8
13281,cluster_8
13283,cluster_8
13285,cluster_8
13287,cluster_8
13289,cluster_8
13291,cluster_8
13293,cluster_8
13295,cluster_8
13297,cluster_8
13299,cluster_8
13301,cluster_8
13303,cluster_8
13305,cluster_8
13307,cluster_8
13309,cluster_8
13313,cluster_8
13315,cluster_8
13317,cluster_8
13319,cluster_8
13321,cluster_8
15001,cluster_6
15003,cluster_6
15007,cluster_6
15009,cluster_6
16001,cluster_3
16003,cluster_3
16005,cluster_3
16007,cluster_3
16009,cluster_3
16011,cluster_3
16013,cluster_3
16015,cluster_5
16017,cluster_3
16019,cluster_3
16021,cluster_3
16023,cluster_3
16025,cluster_5
16027,cluster_3
16029,cluster_3
16031,cluster_3
16033,cluster_5
16035,cluster_3
16037,cluster_3
16039,cluster_3
16041,cluster_3
16043,cluster_3
16045,cluster_3
16047,cluster_3
16049,cluster_3
16051,cluster_3
16053,cluster_3
16055,cluster_3
16057,cluster_3
16059,cluster_3
16061,cluster_3
16063,cluster_5
16065,cluster_3
16067,cluster_3
16069,cluster_3
16071,cluster_3
16073,cluster_3
16075,cluster_3
16077,cluster_3
16079,cluster_3
16081,cluster_3
16083,cluster_3
16085,cluster_3
16087,cluster_3
17001,cluster_6
17003,cluster_8
17005,cluster_6
17007,cluster_6
17009,cluster_6
17011,cluster_6
17013,cluster_6
17015,cluster_6
17017,cluster_6
17019,cluster_6
17021,cluster_6
17023,cluster_6
17025,cluster_6
17027,cluster_6
17029,cluster_6
17031,cluster_6
17033,cluster_6
17037,cluster_6
17039,cluster_6
17041,cluster_6
17043,cluster_6
17045,cluster_6
17047,cluster_6
17049,cluster_6
17051,cluster_6
17053,cluster_6
17055,cluster_6
17057,cluster_6
17059,cluster_5
17061,cluster_6
17063,cluster_6
17065,cluster_6
17067,cluster_6
17069,cluster_6
17071,cluster_6
17073,cluster_6
17075,cluster_6
17077,cluster_6
17079,cluster_6
17081,cluster_6
17083,cluster_6
17085,cluster_6
17087,cluster_6
17089,cluster_6
17091,cluster_6
17093,cluster_6
17095,cluster_6
17097,cluster_6
17099,cluster_6
17101,cluster_6
17103,cluster_6
17105,cluster_6
17107,cluster_6
17109,cluster_6
17111,cluster_6
17113,cluster_6
17115,cluster_6
17117,cluster_6
17119,cluster_6
17121,cluster_6
17123,cluster_6
17125,cluster_6
17127,cluster_6
17129,cluster_6
17131,cluster_6
17133,cluster_6
17135,cluster_6
17137,cluster_6
17139,cluster_6
17141,cluster_6
17143,cluster_6
17145,cluster_6
17147,cluster_6
17149,cluster_6
17151,cluster_6
17153,cluster_8
17155,cluster_6
17157,cluster_6
17159,cluster_6
17161,cluster_6
17163,cluster_8
17165,cluster_6
17167,cluster_6
17169,cluster_6
17171,cluster_6
17173,cluster_6
17175,cluster_6
17177,cluster_6
17179,cluster_6
17181,cluster_6
17183,cluster_6
17185,cluster_6
17187,cluster_6
17189,cluster_6
17191,cluster_6
17193,cluster_6
17195,cluster_6
17197,cluster_6
17199,cluster_6
17201,cluster_6
17203,cluster_6
18001,cluster_7
18003,cluster_7
18005,cluster_7
18007,cluster_7
18009,cluster_7
18011,cluster_7
18013,cluster_7
18015,cluster_7
18017,cluster_7
18019,cluster_7
18021,cluster_7
18023,cluster_7
18025,cluster_7
18027,cluster_7
18029,cluster_7
18031,cluster_7
18033,cluster_7
18035,cluster_7
18037,cluster_7
18039,cluster_7
18041,cluster_7
18043,cluster_7
18045,cluster_7
18047,cluster_7
18049,cluster_7
18051,cluster_7
18053,cluster_7
18055,cluster_7
18057,cluster_6
18059,cluster_7
18061,cluster_7
18063,cluster_7
18065,cluster_7
18067,cluster_7
18069,cluster_7
18071,cluster_7
18073,cluster_7
18075,cluster_7
18077,cluster_7
18079,cluster_7
18081,cluster_7
18083,cluster_7
18085,cluster_7
18087,cluster_7
18089,cluster_7
18091,cluster_7
18093,cluster_7
18095,cluster_7
18097,cluster_7
18099,cluster_7
18101,cluster_7
18103,cluster_7
18105,cluster_7
18107,cluster_7
18109,cluster_7
18111,cluster_7
18113,cluster_7
18117,cluster_7
18119,cluster_7
18121,cluster_7
18123,cluster_7
18125,cluster_7
18127,cluster_7
18129,cluster_7
18131,cluster_7
18133,cluster_7
18135,cluster_7
18137,cluster_7
18139,cluster_7
18141,cluster_7
18143,cluster_7
18145,cluster_7
18147,cluster_7
18149,cluster_7
18151,cluster_7
18153,cluster_7
18155,cluster_7
18157,cluster_7
18159,cluster_7
18163,cluster_7
18165,cluster_7
18167,cluster_7
18169,cluster_7
18171,cluster_7
18173,cluster_7
18175,cluster_7
18177,cluster_7
18179,cluster_7
18181,cluster_7
18183,cluster_7
19001,cluster_7
19003,cluster_7
19005,cluster_7
19007,cluster_7
19009,cluster_7
19011,cluster_7
19013,cluster_7
19015,cluster_7
19017,cluster_7
19019,cluster_7
19021,cluster_7
19023,cluster_7
19025,cluster_7
19027,cluster_7
19029,cluster_7
19031,cluster_7
19033,cluster_7
19035,cluster_7
19037,cluster_7
19039,cluster_7
19041,cluster_7
19043,cluster_7
19045,cluster_7
19047,cluster_7
19049,cluster_7
19051,cluster_7
19053,cluster_7
19055,cluster_7
19057,cluster_7
19059,cluster_7
19061,cluster_7
19063,cluster_7
19065,cluster_7
19067,cluster_7
19069,cluster_7
19071,cluster_7
19073,cluster_7
19075,cluster_7
19077,cluster_7
19079,cluster_7
19081,cluster_7
19083,cluster_7
19085,cluster_7
19087,cluster_7
19089,cluster_7
19091,cluster_7
19093,cluster_7
19095,cluster_7
19097,cluster_7
19099,cluster_7
19101,cluster_7
19103,cluster_7
19105,cluster_7
19107,cluster_7
19109,cluster_7
19111,cluster_7
19113,cluster_7
19115,cluster_7
19117,cluster_7
19119,cluster_7
19121,cluster_7
19123,cluster_7
19125,cluster_7
19127,cluster_7
19129,cluster_7
19131,cluster_7
19133,cluster_7
19135,cluster_7
19137,cluster_7
19139,cluster_7
19141,cluster_7
19143,cluster_7
19145,cluster_7
19147,cluster_7
19149,cluster_7
19151,cluster_7
19153,cluster_7
19155,cluster_7
19157,cluster_7
19159,cluster_7
19161,cluster_7
19163,cluster_7
19165,cluster_7
19167,cluster_7
19169,cluster_7
19171,cluster_7
19173,cluster_7
19175,cluster_7
19177,cluster_7
19179,cluster_7
19181,cluster_7
19183,cluster_7
19185,cluster_7
19187,cluster_7
19189,cluster_7
19191,cluster_7
19193,cluster_7
19195,cluster_7
19197,cluster_7
20001,cluster_3
20003,cluster_3
20005,cluster_3
20007,cluster_3
20009,cluster_3
20011,cluster_3
20013,cluster_3
20015,cluster_3
20017,cluster_5
20019,cluster_3
20021,cluster_3
20023,cluster_3
20025,cluster_5
20027,cluster_3
20029,cluster_3
20031,cluster_3
20033,cluster_3
20035,cluster_3
20037,cluster_3
20039,cluster_3
20041,cluster_3
20043,cluster_3
20045,cluster_3
20047,cluster_3
20049,cluster_5
20051,cluster_3
20053,cluster_3
20055,cluster_3
20057,cluster_3
20059,cluster_3
20061,cluster_3
20063,cluster_3
20065,cluster_3
20067,cluster_3
20069,cluster_3
20071,cluster_5
20073,cluster_3
20075,cluster_5
20077,cluster_3
20079,cluster_3
20081,cluster_5
20083,cluster_3
20085,cluster_3
20087,cluster_3
20089,cluster_3
20091,cluster_3
20093,cluster_5
20095,cluster_3
20097,cluster_5
20099,cluster_3
20101,cluster_3
20103,cluster_3
20105,cluster_3
20107,cluster_3
20109,cluster_3
20111,cluster_3
20113,cluster_3
20115,cluster_3
20117,cluster_3
20119,cluster_3
20121,cluster_3
20123,cluster_3
20125,cluster_3
20127,cluster_3
20129,cluster_3
20131,cluster_3
20133,cluster_3
20135,cluster_3
20137,cluster_3
20139,cluster_3
20141,cluster_3
20143,cluster_3
20145,cluster_3
20147,cluster_3
20149,cluster_3
20151,cluster_3
20153,cluster_3
20155,cluster_3
20157,cluster_3
20159,cluster_3
20161,cluster_3
20163,cluster_3
20165,cluster_3
20167,cluster_3
20169,cluster_3
20171,cluster_3
20173,cluster_3
20175,cluster_3
20177,cluster_3
20179,cluster_3
20181,cluster_5
20183,cluster_3
20185,cluster_3
20187,cluster_3
20189,cluster_3
20191,cluster_3
20193,cluster_3
20195,cluster_3
20197,cluster_3
20199,cluster_5
20201,cluster_3
20203,cluster_5
20205,cluster_3
20207,cluster_3
20209,cluster_3
21001,cluster_7
21003,cluster_7
21005,cluster_7
21007,cluster_7
21009,cluster_7
21011,cluster_7
21013,cluster_7
21015,cluster_7
21017,cluster_7
21019,cluster_7
21021,cluster_7
21023,cluster_7
21025,cluster_7
21027,cluster_7
21029,cluster_7
21031,cluster_7
21033,cluster_7
21035,cluster_7
21037,cluster_7
21039,cluster_7
21041,cluster_7
21043,cluster_7
21045,cluster_7
21047,cluster_7
21049,cluster_7
21051,cluster_7
21053,cluster_7
21055,cluster_7
21057,cluster_7
21059,cluster_7
21061,cluster_7
21063,cluster_7
21065,cluster_7
21067,cluster_7
21069,cluster_7
21071,cluster_7
21073,cluster_7
21075,cluster_7
21079,cluster_7
21081,cluster_7
21083,cluster_7
21085,cluster_7
21087,cluster_7
21089,cluster_7
21091,cluster_7
21093,cluster_7
21095,cluster_7
21097,cluster_7
21099,cluster_7
21101,cluster_7
21103,cluster_7
21105,cluster_7
21107,cluster_7
21109,cluster_7
21111,cluster_7
21113,cluster_7
21115,cluster_7
21117,cluster_7
21119,cluster_7
21121,cluster_7
21123,cluster_7
21125,cluster_7
21127,cluster_7
21129,cluster_7
21131,cluster_7
21135,cluster_7
21137,cluster_7
21139,cluster_7
21141,cluster_7
21143,cluster_7
21145,cluster_7
21147,cluster_7
21149,cluster_7
21151,cluster_7
21153,cluster_7
21155,cluster_7
21157,cluster_7
21159,cluster_7
21161,cluster_7
21163,cluster_7
21165,cluster_7
21167,cluster_7
21169,cluster_7
21171,cluster_7
21173,cluster_7
21175,cluster_7
21177,cluster_7
21179,cluster_7
21181,cluster_7
21183,cluster_7
21185,cluster_7
21187,cluster_7
21189,cluster_7
21191,cluster_7
21193,cluster_7
21195,cluster_7
21197,cluster_7
21199,cluster_7
21201,cluster_7
21203,cluster_7
21205,cluster_7
21207,cluster_7
21209,cluster_7
21211,cluster_7
21213,cluster_7
21217,cluster_7
21219,cluster_7
21221,cluster_7
21223,cluster_7
21225,cluster_7
21227,cluster_7
21229,cluster_7
21231,cluster_7
21233,cluster_7
21235,cluster_7
21237,cluster_7
21239,cluster_7
22001,cluster_8
22003,cluster_8
22005,cluster_8
22007,cluster_8
22009,cluster_8
22011,cluster_8
22013,cluster_8
22015,cluster_8
22017,cluster_8
22019,cluster_8
22021,cluster_8
22023,cluster_8
22025,cluster_8
22027,cluster_8
22029,cluster_8
22031,cluster_8
22033,cluster_8
22035,cluster_8
22037,cluster_8
22039,cluster_8
22041,cluster_8
22043,cluster_8
22045,cluster_8
22047,cluster_8
22049,cluster_8
22051,cluster_8
22053,cluster_8
22055,cluster_8
22057,cluster_8
22059,cluster_8
22061,cluster_8
22063,cluster_8
22065,cluster_8
22067,cluster_8
22069,cluster_8
22071,cluster_8
22073,cluster_8
22075,cluster_8
22077,cluster_8
22079,cluster_8
22081,cluster_8
22083,cluster_8
22085,cluster_8
22087,cluster_8
22089,cluster_8
22091,cluster_8
22093,cluster_8
22095,cluster_8
22097,cluster_8
22099,cluster_8
22101,cluster_8
22103,cluster_8
22105,cluster_8
22107,cluster_8
22109,cluster_8
22111,cluster_8
22113,cluster_8
22115,cluster_8
22117,cluster_8
22119,cluster_8
22121,cluster_8
22123,cluster_8
22125,cluster_8
22127,cluster_8
23001,cluster_6
23003,cluster_6
23005,cluster_6
23007,cluster_6
23009,cluster_6
23011,cluster_6
23013,cluster_6
23015,cluster_6
23017,cluster_6
23019,cluster_6
23021,cluster_6
23023,cluster_6
23025,cluster_6
23027,cluster_6
23029,cluster_6
23031,cluster_6
24001,cluster_6
24003,cluster_6
24005,cluster_6
24009,cluster_6
24011,cluster_6
24013,cluster_6
24015,cluster_6
24017,cluster_6
24019,cluster_6
24021,cluster_6
24023,cluster_6
24025,cluster_6
24027,cluster_6
24029,cluster_6
24031,cluster_6
24033,cluster_6
24035,cluster_6
24037,cluster_6
24039,cluster_8
24041,cluster_6
24043,cluster_6
24045,cluster_6
24047,cluster_6
24510,cluster_8
25001,cluster_6
25003,cluster_6
25005,cluster_6
25007,cluster_6
25009,cluster_6
25011,cluster_6
25013,cluster_6
25015,cluster_6
25017,cluster_6
25019,cluster_6
25021,cluster_6
25023,cluster_6
25025,cluster_6
25027,cluster_6
26001,cluster_6
26003,cluster_6
26005,cluster_6
26007,cluster_6
26009,cluster_6
26011,cluster_6
26013,cluster_6
26015,cluster_6
26017,cluster_6
26021,cluster_8
26023,cluster_6
26025,cluster_8
26027,cluster_6
26029,cluster_6
26031,cluster_6
26033,cluster_8
26035,cluster_6
26037,cluster_6
26039,cluster_6
26041,cluster_6
26043,cluster_6
26045,cluster_6
26047,cluster_6
26049,cluster_8
26051,cluster_6
26053,cluster_6
26055,cluster_6
26057,cluster_6
26059,cluster_6
26061,cluster_6
26063,cluster_6
26065,cluster_6
26067,cluster_6
26069,cluster_6
26071,cluster_6
26073,cluster_6
26075,cluster_6
26077,cluster_6
26079,cluster_6
26081,cluster_6
26083,cluster_6
26085,cluster_6
26087,cluster_6
26089,cluster_6
26091,cluster_6
26093,cluster_6
26095,cluster_6
26097,cluster_6
26099,cluster_6
26101,cluster_6
26103,cluster_6
26105,cluster_6
26107,cluster_6
26109,cluster_6
26111,cluster_6
26113,cluster_6
26115,cluster_6
26117,cluster_6
26119,cluster_6
26121,cluster_8
26123,cluster_6
26125,cluster_6
26127,cluster_6
26129,cluster_6
26131,cluster_6
26133,cluster_6
26135,cluster_6
26137,cluster_6
26139,cluster_6
26141,cluster_6
26143,cluster_6
26145,cluster_8
26147,cluster_6
26149,cluster_6
26151,cluster_6
26153,cluster_6
26155,cluster_6
26157,cluster_6
26159,cluster_6
26161,cluster_6
26163,cluster_8
26165,cluster_6
27001,cluster_7
27003,cluster_6
27005,cluster_7
27007,cluster_7
27009,cluster_7
27011,cluster_7
27013,cluster_7
27015,cluster_7
27017,cluster_7
27019,cluster_6
27021,cluster_7
27023,cluster_7
27025,cluster_7
27027,cluster_7
27029,cluster_7
27031,cluster_7
27033,cluster_7
27035,cluster_7
27037,cluster_6
27039,cluster_7
27041,cluster_7
27043,cluster_7
27045,cluster_7
27047,cluster_7
27049,cluster_7
27051,cluster_7
27053,cluster_7
27055,cluster_7
27057,cluster_7
27059,cluster_7
27061,cluster_7
27063,cluster_7
27065,cluster_7
27067,cluster_7
27069,cluster_5
27071,cluster_7
27073,cluster_7
27075,cluster_7
27077,cluster_7
27079,cluster_7
27081,cluster_7
27083,cluster_7
27085,cluster_7
27087,cluster_4
27089,cluster_5
27091,cluster_7
27093,cluster_7
27095,cluster_7
27097,cluster_7
27099,cluster_7
27101,cluster_7
27103,cluster_7
27105,cluster_7
27107,cluster_7
27109,cluster_7
27111,cluster_7
27113,cluster_7
27115,cluster_7
27117,cluster_7
27119,cluster_7
27121,cluster_7
27123,cluster_7
27125,cluster_5
27127,cluster_7
27129,cluster_7
27131,cluster_7
27133,cluster_7
27135,cluster_7
27137,cluster_7
27139,cluster_6
27141,cluster_6
27143,cluster_7
27145,cluster_7
27147,cluster_7
27149,cluster_7
27151,cluster_7
27153,cluster_7
27155,cluster_7
27157,cluster_7
27159,cluster_7
27161,cluster_7
27163,cluster_6
27165,cluster_7
27167,cluster_7
27169,cluster_7
27171,cluster_6
27173,cluster_7
28001,cluster_2
28003,cluster_3
28005,cluster_3
28007,cluster_3
28009,cluster_3
28011,cluster_2
28013,cluster_3
28015,cluster_3
28017,cluster_3
28019,cluster_3
28021,cluster_2
28023,cluster_3
28025,cluster_2
28027,cluster_2
28029,cluster_2
28033,cluster_3
28035,cluster_3
28037,cluster_3
28039,cluster_3
28041,cluster_3
28043,cluster_3
28045,cluster_3
28047,cluster_3
28049,cluster_2
28051,cluster_2
28053,cluster_2
28055,cluster_2
28057,cluster_3
28059,cluster_3
28061,cluster_3
28063,cluster_2
28065,cluster_2
28067,cluster_3
28069,cluster_2
28071,cluster_3
28073,cluster_3
28075,cluster_3
28077,cluster_3
28079,cluster_3
28081,cluster_3
28083,cluster_2
28085,cluster_3
28087,cluster_3
28089,cluster_3
28091,cluster_3
28093,cluster_3
28095,cluster_3
28097,cluster_3
28099,cluster_3
28101,cluster_3
28103,cluster_2
28105,cluster_3
28107,cluster_2
28109,cluster_3
28111,cluster_3
28113,cluster_2
28115,cluster_3
28117,cluster_3
28119,cluster_2
28121,cluster_3
28123,cluster_3
28125,cluster_2
28127,cluster_3
28129,cluster_3
28131,cluster_3
28133,cluster_2
28135,cluster_2
28137,cluster_3
28139,cluster_3
28141,cluster_3
28143,cluster_2
28145,cluster_3
28147,cluster_3
28149,cluster_3
28151,cluster_2
28153,cluster_3
28155,cluster_3
28157,cluster_2
28159,cluster_3
28161,cluster_3
28163,cluster_2
29001,cluster_8
29003,cluster_8
29005,cluster_8
29007,cluster_8
29009,cluster_8
29011,cluster_8
29013,cluster_8
29015,cluster_8
29017,cluster_8
29019,cluster_8
29021,cluster_8
29023,cluster_8
29025,cluster_8
29027,cluster_8
29029,cluster_8
29031,cluster_8
29033,cluster_8
29035,cluster_5
29037,cluster_8
29039,cluster_8
29041,cluster_8
29043,cluster_8
29045,cluster_8
29047,cluster_8
29049,cluster_8
29051,cluster_8
29053,cluster_8
29055,cluster_8
29057,cluster_8
29059,cluster_8
29061,cluster_8
29063,cluster_8
29065,cluster_8
29067,cluster_8
29069,cluster_8
29071,cluster_8
29073,cluster_8
29075,cluster_8
29077,cluster_8
29079,cluster_8
29081,cluster_8
29083,cluster_8
29085,cluster_8
29087,cluster_5
29089,cluster_8
29091,cluster_8
29093,cluster_8
29095,cluster_8
29097,cluster_8
29099,cluster_8
29101,cluster_8
29103,cluster_8
29105,cluster_8
29107,cluster_8
29109,cluster_8
29111,cluster_8
29113,cluster_8
29115,cluster_8
29117,cluster_8
29119,cluster_8
29121,cluster_8
29123,cluster_8
29125,cluster_8
29127,cluster_8
29129,cluster_5
29131,cluster_8
29133,cluster_8
29135,cluster_8
29137,cluster_8
29139,cluster_8
29141,cluster_8
29143,cluster_8
29145,cluster_8
29147,cluster_8
29149,cluster_8
29151,cluster_8
29153,cluster_5
29155,cluster_8
29157,cluster_8
29159,cluster_8
29161,cluster_8
29163,cluster_8
29165,cluster_8
29167,cluster_8
29169,cluster_8
29171,cluster_8
29173,cluster_8
29175,cluster_8
29177,cluster_8
29179,cluster_5
29181,cluster_8
29183,cluster_8
29185,cluster_8
29186,cluster_8
29187,cluster_8
29189,cluster_8
29195,cluster_8
29197,cluster_5
29199,cluster_8
29201,cluster_8
29203,cluster_8
29205,cluster_8
29207,cluster_8
29209,cluster_8
29211,cluster_8
29213,cluster_8
29215,cluster_8
29217,cluster_8
29219,cluster_8
29221,cluster_8
29223,cluster_5
29225,cluster_8
29227,cluster_8
29229,cluster_8
29510,cluster_8
30001,cluster_6
30003,cluster_8
30005,cluster_8
30007,cluster_6
30009,cluster_6
30011,cluster_5
30013,cluster_6
30015,cluster_5
30017,cluster_6
30019,cluster_5
30021,cluster_6
30023,cluster_6
30025,cluster_6
30027,cluster_6
30029,cluster_6
30031,cluster_6
30033,cluster_5
30035,cluster_8
30037,cluster_5
30039,cluster_6
30041,cluster_5
30043,cluster_6
30045,cluster_5
30047,cluster_8
30049,cluster_6
30051,cluster_5
30053,cluster_6
30055,cluster_5
30057,cluster_6
30059,cluster_5
30061,cluster_5
30063,cluster_6
30065,cluster_6
30067,cluster_6
30069,cluster_5
30071,cluster_6
30073,cluster_5
30075,cluster_5
30077,cluster_6
30079,cluster_5
30081,cluster_6
30083,cluster_6
30085,cluster_8
30087,cluster_8
30089,cluster_5
30091,cluster_6
30093,cluster_6
30095,cluster_6
30097,cluster_6
30099,cluster_6
30101,cluster_6
30103,cluster_5
30105,cluster_6
30107,cluster_5
30109,cluster_5
30111,cluster_6
31001,cluster_8
31003,cluster_8
31005,cluster_5
31007,cluster_5
31009,cluster_5
31011,cluster_8
31013,cluster_8
31015,cluster_5
31017,cluster_8
31019,cluster_8
31021,cluster_8
31023,cluster_8
31025,cluster_8
31027,cluster_8
31029,cluster_8
31031,cluster_5
31033,cluster_8
31035,cluster_5
31037,cluster_8
31039,cluster_8
31041,cluster_5
31043,cluster_8
31045,cluster_8
31047,cluster_8
31049,cluster_8
31051,cluster_8
31053,cluster_8
31055,cluster_8
31057,cluster_8
31059,cluster_8
31061,cluster_8
31063,cluster_5
31065,cluster_8
31067,cluster_8
31069,cluster_5
31071,cluster_8
31073,cluster_5
31075,cluster_5
31077,cluster_5
31079,cluster_8
31081,cluster_8
31083,cluster_8
31085,cluster_5
31087,cluster_5
31089,cluster_8
31091,cluster_8
31093,cluster_8
31095,cluster_8
31097,cluster_8
31099,cluster_8
31101,cluster_8
31103,cluster_5
31105,cluster_8
31107,cluster_8
31109,cluster_8
31111,cluster_8
31113,cluster_8
31115,cluster_5
31117,cluster_5
31119,cluster_8
31121,cluster_8
31123,cluster_5
31125,cluster_5
31127,cluster_8
31129,cluster_8
31131,cluster_8
31133,cluster_8
31135,cluster_5
31137,cluster_8
31139,cluster_5
31141,cluster_8
31143,cluster_8
31145,cluster_5
31147,cluster_8
31149,cluster_8
31151,cluster_8
31153,cluster_8
31155,cluster_8
31157,cluster_8
31159,cluster_8
31161,cluster_8
31163,cluster_5
31165,cluster_5
31167,cluster_5
31169,cluster_8
31171,cluster_5
31173,cluster_8
31175,cluster_8
31177,cluster_8
31179,cluster_8
31181,cluster_5
31183,cluster_5
31185,cluster_8
32001,cluster_6
32003,cluster_6
32005,cluster_6
32007,cluster_6
32009,cluster_5
32011,cluster_5
32013,cluster_6
32015,cluster_6
32017,cluster_5
32019,cluster_6
32021,cluster_5
32023,cluster_5
32027,cluster_6
32029,cluster_6
32031,cluster_6
32033,cluster_6
32510,cluster_6
33001,cluster_6
33003,cluster_6
33005,cluster_6
33007,cluster_6
33009,cluster_6
33011,cluster_6
33013,cluster_6
33015,cluster_6
33017,cluster_6
33019,cluster_6
34001,cluster_6
34003,cluster_6
34005,cluster_6
34007,cluster_6
34009,cluster_6
34011,cluster_6
34013,cluster_6
34015,cluster_6
34017,cluster_6
34019,cluster_6
34021,cluster_6
34023,cluster_6
34025,cluster_6
34027,cluster_6
34029,cluster_6
34031,cluster_6
34033,cluster_6
34035,cluster_6
34037,cluster_6
34039,cluster_6
34041,cluster_6
35001,cluster_7
35003,cluster_5
35005,cluster_7
35006,cluster_7
35007,cluster_7
35009,cluster_7
35011,cluster_7
35013,cluster_7
35015,cluster_7
35017,cluster_7
35019,cluster_7
35021,cluster_5
35023,cluster_7
35025,cluster_7
35027,cluster_7
35028,cluster_7
35029,cluster_7
35031,cluster_4
35033,cluster_7
35035,cluster_7
35037,cluster_7
35039,cluster_7
35041,cluster_7
35043,cluster_7
35045,cluster_7
35047,cluster_7
35049,cluster_7
35051,cluster_7
35053,cluster_7
35055,cluster_7
35057,cluster_7
35059,cluster_7
35061,cluster_7
36001,cluster_6
36003,cluster_6
36005,cluster_8
36007,cluster_6
36009,cluster_6
36011,cluster_6
36013,cluster_6
36015,cluster_6
36017,cluster_6
36019,cluster_6
36021,cluster_6
36023,cluster_6
36025,cluster_6
36027,cluster_6
36029,cluster_6
36031,cluster_6
36033,cluster_6
36035,cluster_6
36037,cluster_6
36039,cluster_6
36041,cluster_6
36043,cluster_6
36045,cluster_6
36047,cluster_6
36049,cluster_6
36051,cluster_6
36053,cluster_6
36055,cluster_6
36057,cluster_6
36059,cluster_6
36061,cluster_6
36063,cluster_6
36065,cluster_6
36067,cluster_6
36069,cluster_6
36071,cluster_6
36073,cluster_6
36075,cluster_6
36077,cluster_6
36079,cluster_6
36081,cluster_6
36083,cluster_6
36085,cluster_6
36087,cluster_6
36089,cluster_6
36091,cluster_6
36093,cluster_6
36095,cluster_6
36097,cluster_6
36099,cluster_6
36101,cluster_6
36103,cluster_6
36105,cluster_6
36107,cluster_6
36109,cluster_6
36111,cluster_6
36113,cluster_6
36115,cluster_6
36117,cluster_6
36119,cluster_6
36121,cluster_6
36123,cluster_6
37001,cluster_8
37003,cluster_8
37005,cluster_8
37007,cluster_8
37009,cluster_8
37011,cluster_8
37013,cluster_8
37015,cluster_8
37017,cluster_8
37019,cluster_8
37021,cluster_8
37023,cluster_8
37025,cluster_8
37027,cluster_8
37029,cluster_8
37031,cluster_8
37033,cluster_8
37035,cluster_8
37037,cluster_8
37039,cluster_8
37041,cluster_8
37043,cluster_8
37045,cluster_8
37047,cluster_8
37049,cluster_8
37051,cluster_8
37053,cluster_8
37055,cluster_8
37057,cluster_8
37059,cluster_8
37061,cluster_8
37063,cluster_8
37065,cluster_8
37067,cluster_8
37069,cluster_8
37071,cluster_8
37073,cluster_8
37075,cluster_8
37077,cluster_8
37081,cluster_8
37083,cluster_8
37085,cluster_8
37087,cluster_8
37089,cluster_8
37091,cluster_8
37093,cluster_8
37095,cluster_5
37097,cluster_8
37099,cluster_8
37101,cluster_8
37103,cluster_8
37105,cluster_8
37107,cluster_8
37109,cluster_8
37111,cluster_8
37113,cluster_8
37115,cluster_8
37117,cluster_8
37119,cluster_8
37123,cluster_8
37125,cluster_8
37127,cluster_8
37129,cluster_8
37131,cluster_8
37133,cluster_8
37135,cluster_8
37137,cluster_8
37139,cluster_8
37141,cluster_8
37143,cluster_8
37145,cluster_8
37147,cluster_8
37149,cluster_8
37151,cluster_8
37153,cluster_8
37155,cluster_8
37157,cluster_8
37159,cluster_8
37161,cluster_8
37163,cluster_8
37165,cluster_8
37167,cluster_8
37169,cluster_8
37171,cluster_8
37173,cluster_8
37175,cluster_8
37177,cluster_8
37179,cluster_8
37181,cluster_8
37183,cluster_8
37185,cluster_8
37187,cluster_8
37189,cluster_8
37191,cluster_8
37193,cluster_8
37195,cluster_8
37197,cluster_8
37199,cluster_8
38001,cluster_7
38003,cluster_7
38005,cluster_4
38007,cluster_5
38009,cluster_7
38011,cluster_7
38013,cluster_5
38015,cluster_7
38017,cluster_7
38019,cluster_7
38021,cluster_7
38023,cluster_7
38025,cluster_7
38027,cluster_7
38029,cluster_7
38031,cluster_7
38033,cluster_5
38035,cluster_7
38037,cluster_7
38039,cluster_7
38041,cluster_5
38043,cluster_5
38045,cluster_7
38047,cluster_7
38049,cluster_5
38051,cluster_7
38053,cluster_7
38055,cluster_7
38057,cluster_7
38059,cluster_7
38061,cluster_7
38063,cluster_5
38065,cluster_5
38067,cluster_7
38069,cluster_7
38071,cluster_7
38073,cluster_7
38075,cluster_5
38077,cluster_7
38079,cluster_4
38081,cluster_7
38083,cluster_5
38085,cluster_4
38087,cluster_5
38089,cluster_7
38091,cluster_5
38093,cluster_7
38095,cluster_7
38097,cluster_7
38099,cluster_7
38101,cluster_7
38103,cluster_7
38105,cluster_7
39001,cluster_6
39003,cluster_6
39005,cluster_6
39007,cluster_6
39009,cluster_6
39011,cluster_6
39013,cluster_6
39015,cluster_6
39017,cluster_6
39019,cluster_6
39021,cluster_6
39023,cluster_6
39025,cluster_6
39027,cluster_6
39029,cluster_6
39031,cluster_6
39033,cluster_6
39035,cluster_6
39037,cluster_6
39039,cluster_6
39041,cluster_6
39043,cluster_6
39045,cluster_6
39047,cluster_6
39049,cluster_6
39051,cluster_6
39053,cluster_6
39055,cluster_6
39057,cluster_6
39059,cluster_6
39061,cluster_6
39063,cluster_6
39065,cluster_6
39067,cluster_6
39069,cluster_6
39071,cluster_6
39073,cluster_6
39075,cluster_6
39077,cluster_6
39079,cluster_6
39081,cluster_6
39083,cluster_6
39085,cluster_6
39087,cluster_6
39089,cluster_6
39091,cluster_6
39093,cluster_6
39095,cluster_6
39097,cluster_6
39099,cluster_6
39101,cluster_6
39103,cluster_6
39105,cluster_6
39107,cluster_6
39109,cluster_6
39111,cluster_6
39113,cluster_6
39115,cluster_6
39117,cluster_6
39119,cluster_6
39121,cluster_6
39123,cluster_6
39125,cluster_6
39127,cluster_6
39129,cluster_6
39131,cluster_6
39133,cluster_6
39135,cluster_6
39137,cluster_6
39139,cluster_6
39141,cluster_6
39143,cluster_6
39145,cluster_6
39147,cluster_6
39149,cluster_6
39151,cluster_6
39153,cluster_6
39155,cluster_6
39157,cluster_6
39159,cluster_6
39161,cluster_6
39163,cluster_6
39165,cluster_6
39167,cluster_6
39169,cluster_6
39171,cluster_6
39173,cluster_6
39175,cluster_6
40001,cluster_3
40003,cluster_5
40005,cluster_3
40007,cluster_3
40009,cluster_3
40011,cluster_3
40013,cluster_3
40015,cluster_3
40017,cluster_3
40019,cluster_3
40021,cluster_3
40023,cluster_3
40025,cluster_3
40027,cluster_3
40029,cluster_3
40031,cluster_3
40033,cluster_5
40035,cluster_3
40037,cluster_3
40039,cluster_3
40041,cluster_3
40043,cluster_5
40045,cluster_5
40047,cluster_3
40049,cluster_3
40051,cluster_3
40053,cluster_5
40055,cluster_3
40057,cluster_3
40059,cluster_5
40061,cluster_3
40063,cluster_3
40065,cluster_3
40067,cluster_3
40069,cluster_3
40071,cluster_3
40073,cluster_3
40075,cluster_3
40077,cluster_3
40079,cluster_3
40081,cluster_3
40083,cluster_3
40085,cluster_3
40087,cluster_3
40089,cluster_3
40091,cluster_3
40093,cluster_3
40095,cluster_3
40097,cluster_3
40099,cluster_3
40101,cluster_3
40103,cluster_3
40105,cluster_3
40107,cluster_3
40109,cluster_3
40111,cluster_3
40113,cluster_3
40115,cluster_3
40117,cluster_3
40119,cluster_3
40121,cluster_3
40123,cluster_3
40125,cluster_3
40127,cluster_3
40129,cluster_5
40131,cluster_3
40133,cluster_3
40135,cluster_3
40137,cluster_3
40139,cluster_3
40141,cluster_3
40143,cluster_3
40145,cluster_3
40147,cluster_3
40149,cluster_3
40151,cluster_3
40153,cluster_3
41001,cluster_6
41003,cluster_6
41005,cluster_6
41007,cluster_6
41009,cluster_6
41011,cluster_6
41013,cluster_6
41015,cluster_6
41017,cluster_6
41019,cluster_6
41021,cluster_5
41023,cluster_6
41025,cluster_6
41027,cluster_6
41029,cluster_6
41031,cluster_6
41033,cluster_6
41035,cluster_6
41037,cluster_6
41039,cluster_6
41041,cluster_6
41043,cluster_6
41045,cluster_6
41047,cluster_6
41049,cluster_6
41051,cluster_6
41053,cluster_6
41055,cluster_5
41057,cluster_6
41059,cluster_6
41061,cluster_6
41063,cluster_6
41065,cluster_6
41067,cluster_6
41069,cluster_5
41071,cluster_6
42001,cluster_6
42003,cluster_6
42005,cluster_6
42007,cluster_6
42009,cluster_6
42011,cluster_6
42013,cluster_6
42015,cluster_6
42017,cluster_6
42019,cluster_6
42021,cluster_6
42023,cluster_6
42025,cluster_6
42027,cluster_6
42029,cluster_6
42031,cluster_6
42033,cluster_6
42035,cluster_6
42037,cluster_6
42039,cluster_6
42041,cluster_6
42043,cluster_6
42045,cluster_6
42047,cluster_6
42049,cluster_6
42051,cluster_6
42053,cluster_8
42055,cluster_6
42057,cluster_6
42059,cluster_6
42061,cluster_6
42063,cluster_6
42065,cluster_6
42067,cluster_6
42069,cluster_6
42071,cluster_6
42073,cluster_6
42075,cluster_6
42077,cluster_6
42079,cluster_6
42081,cluster_6
42083,cluster_6
42085,cluster_6
42087,cluster_6
42089,cluster_6
42091,cluster_6
42093,cluster_6
42095,cluster_6
42097,cluster_6
42099,cluster_6
42101,cluster_8
42103,cluster_6
42105,cluster_6
42107,cluster_6
42109,cluster_6
42111,cluster_6
42113,cluster_6
42115,cluster_6
42117,cluster_6
42119,cluster_6
42121,cluster_6
42123,cluster_6
42125,cluster_6
42127,cluster_6
42129,cluster_6
42131,cluster_6
42133,cluster_6
44001,cluster_6
44003,cluster_6
44005,cluster_6
44007,cluster_6
44009,cluster_6
45001,cluster_8
45003,cluster_8
45005,cluster_8
45007,cluster_8
45009,cluster_8
45011,cluster_8
45013,cluster_8
45015,cluster_8
45017,cluster_8
45019,cluster_8
45021,cluster_8
45023,cluster_8
45025,cluster_8
45027,cluster_8
45029,cluster_8
45031,cluster_8
45033,cluster_8
45035,cluster_8
45037,cluster_8
45039,cluster_8
45041,cluster_8
45043,cluster_8
45045,cluster_8
45047,cluster_8
45049,cluster_8
45051,cluster_8
45053,cluster_8
45055,cluster_8
45057,cluster_8
45059,cluster_8
45061,cluster_8
45063,cluster_8
45065,cluster_8
45067,cluster_8
45069,cluster_8
45071,cluster_8
45073,cluster_8
45075,cluster_8
45077,cluster_8
45079,cluster_8
45081,cluster_8
45083,cluster_8
45085,cluster_8
45087,cluster_8
45089,cluster_8
45091,cluster_8
46003,cluster_5
46005,cluster_7
46007,cluster_4
46009,cluster_7
46011,cluster_7
46013,cluster_7
46015,cluster_7
46017,cluster_4
46019,cluster_7
46021,cluster_5
46023,cluster_7
46025,cluster_7
46027,cluster_7
46029,cluster_7
46031,cluster_4
46033,cluster_7
46035,cluster_7
46037,cluster_7
46039,cluster_5
46041,cluster_4
46043,cluster_5
46045,cluster_7
46047,cluster_7
46049,cluster_7
46051,cluster_7
46053,cluster_7
46055,cluster_7
46057,cluster_5
46059,cluster_7
46061,cluster_7
46063,cluster_5
46065,cluster_7
46067,cluster_7
46069,cluster_5
46071,cluster_4
46073,cluster_5
46075,cluster_5
46077,cluster_7
46079,cluster_7
46081,cluster_7
46083,cluster_7
46085,cluster_4
46087,cluster_7
46089,cluster_7
46091,cluster_7
46093,cluster_7
46095,cluster_4
46097,cluster_7
46099,cluster_7
46101,cluster_5
46103,cluster_7
46105,cluster_7
46107,cluster_5
46109,cluster_7
46111,cluster_5
46115,cluster_7
46117,cluster_7
46119,cluster_5
46121,cluster_4
46123,cluster_7
46125,cluster_7
46127,cluster_7
46129,cluster_7
46135,cluster_7
46137,cluster_4
47001,cluster_3
47003,cluster_3
47005,cluster_3
47007,cluster_3
47009,cluster_3
47011,cluster_3
47013,cluster_3
47015,cluster_3
47017,cluster_3
47019,cluster_3
47021,cluster_3
47023,cluster_3
47025,cluster_3
47027,cluster_3
47029,cluster_3
47031,cluster_3
47033,cluster_3
47035,cluster_3
47037,cluster_3
47039,cluster_3
47041,cluster_3
47043,cluster_3
47045,cluster_3
47047,cluster_3
47049,cluster_3
47051,cluster_3
47053,cluster_3
47055,cluster_3
47057,cluster_3
47059,cluster_3
47061,cluster_3
47063,cluster_3
47065,cluster_3
47067,cluster_3
47069,cluster_3
47071,cluster_3
47073,cluster_3
47075,cluster_3
47077,cluster_3
47079,cluster_3
47081,cluster_3
47083,cluster_3
47085,cluster_3
47087,cluster_3
47089,cluster_3
47091,cluster_3
47093,cluster_3
47095,cluster_3
47097,cluster_3
47099,cluster_3
47101,cluster_3
47103,cluster_3
47105,cluster_3
47107,cluster_3
47109,cluster_3
47111,cluster_3
47113,cluster_3
47115,cluster_3
47117,cluster_3
47119,cluster_3
47121,cluster_3
47123,cluster_3
47125,cluster_3
47127,cluster_3
47129,cluster_3
47131,cluster_3
47133,cluster_3
47135,cluster_3
47137,cluster_3
47139,cluster_3
47141,cluster_3
47143,cluster_3
47145,cluster_3
47147,cluster_3
47149,cluster_3
47151,cluster_3
47153,cluster_3
47155,cluster_3
47157,cluster_3
47159,cluster_3
47161,cluster_3
47163,cluster_3
47165,cluster_3
47167,cluster_3
47171,cluster_3
47173,cluster_3
47175,cluster_3
47177,cluster_3
47179,cluster_3
47181,cluster_3
47183,cluster_3
47185,cluster_3
47187,cluster_3
47189,cluster_3
48001,cluster_7
48003,cluster_7
48005,cluster_7
48007,cluster_7
48009,cluster_7
48011,cluster_5
48013,cluster_7
48015,cluster_7
48017,cluster_7
48019,cluster_7
48021,cluster_7
48023,cluster_7
48025,cluster_7
48027,cluster_7
48029,cluster_7
48031,cluster_7
48033,cluster_5
48035,cluster_7
48037,cluster_7
48039,cluster_7
48041,cluster_7
48043,cluster_7
48045,cluster_5
48047,cluster_1
48049,cluster_7
48051,cluster_7
48053,cluster_7
48055,cluster_7
48057,cluster_7
48059,cluster_7
48061,cluster_1
48063,cluster_7
48065,cluster_7
48067,cluster_7
48069,cluster_7
48071,cluster_7
48073,cluster_7
48075,cluster_7
48077,cluster_7
48079,cluster_7
48081,cluster_5
48083,cluster_7
48085,cluster_7
48087,cluster_7
48089,cluster_7
48091,cluster_7
48093,cluster_7
48095,cluster_7
48097,cluster_7
48099,cluster_7
48101,cluster_5
48103,cluster_7
48105,cluster_7
48107,cluster_7
48109,cluster_7
48111,cluster_7
48113,cluster_7
48115,cluster_7
48117,cluster_7
48119,cluster_7
48121,cluster_7
48123,cluster_7
48125,cluster_7
48127,cluster_1
48129,cluster_7
48131,cluster_1
48133,cluster_7
48135,cluster_7
48137,cluster_7
48139,cluster_7
48141,cluster_1
48143,cluster_7
48145,cluster_7
48147,cluster_7
48149,cluster_7
48151,cluster_7
48153,cluster_7
48155,cluster_5
48157,cluster_7
48159,cluster_7
48161,cluster_7
48163,cluster_1
48165,cluster_7
48167,cluster_7
48169,cluster_7
48171,cluster_7
48173,cluster_5
48175,cluster_7
48177,cluster_7
48179,cluster_7
48181,cluster_7
48183,cluster_7
48185,cluster_7
48187,cluster_7
48189,cluster_7
48191,cluster_7
48193,cluster_7
48195,cluster_5
48197,cluster_7
48199,cluster_7
48201,cluster_7
48203,cluster_7
48205,cluster_7
48207,cluster_7
48209,cluster_7
48211,cluster_7
48213,cluster_7
48215,cluster_1
48217,cluster_7
48219,cluster_7
48221,cluster_7
48223,cluster_7
48225,cluster_7
48227,cluster_7
48229,cluster_1
48231,cluster_7
48233,cluster_7
48235,cluster_5
48237,cluster_7
48239,cluster_7
48241,cluster_7
48243,cluster_7
48245,cluster_7
48247,cluster_1
48249,cluster_1
48251,cluster_7
48253,cluster_7
48255,cluster_7
48257,cluster_7
48259,cluster_7
48261,cluster_1
48263,cluster_5
48265,cluster_7
48267,cluster_7
48269,cluster_5
48271,cluster_7
48273,cluster_1
48275,cluster_7
48277,cluster_7
48279,cluster_7
48281,cluster_7
48283,cluster_1
48285,cluster_7
48287,cluster_7
48289,cluster_7
48291,cluster_7
48293,cluster_7
48295,cluster_5
48297,cluster_7
48299,cluster_7
48301,cluster_5
48303,cluster_7
48305,cluster_7
48307,cluster_7
48309,cluster_7
48311,cluster_5
48313,cluster_7
48315,cluster_7
48317,cluster_7
48319,cluster_7
48321,cluster_7
48323,cluster_1
48325,cluster_7
48327,cluster_7
48329,cluster_7
48331,cluster_7
48333,cluster_7
48335,cluster_7
48337,cluster_7
48339,cluster_7
48341,cluster_7
48343,cluster_7
48345,cluster_7
48347,cluster_7
48349,cluster_7
48351,cluster_7
48353,cluster_7
48355,cluster_7
48357,cluster_7
48359,cluster_5
48361,cluster_7
48363,cluster_7
48365,cluster_7
48367,cluster_7
48369,cluster_7
48371,cluster_7
48373,cluster_7
48375,cluster_7
48377,cluster_1
48381,cluster_7
48383,cluster_7
48385,cluster_5
48387,cluster_7
48389,cluster_7
48391,cluster_7
48393,cluster_5
48395,cluster_7
48397,cluster_7
48399,cluster_7
48401,cluster_7
48403,cluster_7
48405,cluster_7
48407,cluster_7
48409,cluster_7
48411,cluster_7
48413,cluster_7
48415,cluster_7
48417,cluster_7
48419,cluster_7
48421,cluster_7
48423,cluster_7
48425,cluster_7
48427,cluster_1
48429,cluster_7
48431,cluster_5
48433,cluster_7
48435,cluster_7
48437,cluster_7
48439,cluster_7
48441,cluster_7
48443,cluster_5
48445,cluster_7
48447,cluster_5
48449,cluster_7
48451,cluster_7
48453,cluster_7
48455,cluster_7
48457,cluster_7
48459,cluster_7
48461,cluster_7
48463,cluster_1
48465,cluster_1
48467,cluster_7
48469,cluster_7
48471,cluster_7
48473,cluster_7
48475,cluster_7
48477,cluster_7
48479,cluster_1
48481,cluster_7
48483,cluster_7
48485,cluster_7
48487,cluster_7
48489,cluster_1
48491,cluster_7
48493,cluster_7
48495,cluster_7
48497,cluster_7
48499,cluster_7
48501,cluster_7
48503,cluster_7
48505,cluster_1
48507,cluster_1
49001,cluster_6
49003,cluster_6
49005,cluster_6
49007,cluster_6
49009,cluster_5
49011,cluster_6
49013,cluster_6
49015,cluster_6
49017,cluster_6
49019,cluster_6
49021,cluster_6
49023,cluster_6
49025,cluster_6
49027,cluster_6
49029,cluster_6
49031,cluster_5
49033,cluster_5
49035,cluster_6
49037,cluster_8
49039,cluster_6
49041,cluster_6
49043,cluster_6
49045,cluster_6
49047,cluster_6
49049,cluster_6
49051,cluster_6
49053,cluster_6
49055,cluster_6
49057,cluster_6
50001,cluster_6
50003,cluster_6
50005,cluster_6
50007,cluster_6
50009,cluster_6
50011,cluster_6
50013,cluster_6
50015,cluster_6
50017,cluster_6
50019,cluster_6
50021,cluster_6
50023,cluster_6
50025,cluster_6
50027,cluster_6
51001,cluster_8
51003,cluster_6
51005,cluster_8
51007,cluster_8
51009,cluster_8
51011,cluster_6
51013,cluster_6
51015,cluster_6
51017,cluster_6
51019,cluster_6
51021,cluster_6
51023,cluster_6
51025,cluster_8
51029,cluster_8
51031,cluster_8
51033,cluster_6
51035,cluster_8
51036,cluster_8
51037,cluster_8
51041,cluster_6
51043,cluster_6
51045,cluster_6
51047,cluster_6
51049,cluster_8
51053,cluster_8
51057,cluster_8
51059,cluster_6
51061,cluster_6
51063,cluster_6
51065,cluster_6
51067,cluster_6
51069,cluster_6
51071,cluster_8
51073,cluster_6
51075,cluster_6
51077,cluster_8
51079,cluster_6
51081,cluster_8
51083,cluster_8
51085,cluster_6
51087,cluster_6
51089,cluster_8
51091,cluster_5
51093,cluster_6
51095,cluster_6
51097,cluster_8
51101,cluster_6
51103,cluster_8
51105,cluster_8
51107,cluster_6
51109,cluster_6
51111,cluster_8
51113,cluster_6
51115,cluster_8
51117,cluster_8
51119,cluster_8
51121,cluster_6
51125,cluster_8
51127,cluster_6
51131,cluster_8
51133,cluster_8
51135,cluster_8
51137,cluster_6
51139,cluster_8
51141,cluster_8
51143,cluster_8
51145,cluster_6
51147,cluster_8
51149,cluster_8
51153,cluster_6
51155,cluster_8
51157,cluster_5
51159,cluster_8
51161,cluster_6
51163,cluster_6
51165,cluster_6
51167,cluster_8
51169,cluster_8
51171,cluster_6
51173,cluster_8
51175,cluster_8
51177,cluster_6
51179,cluster_6
51181,cluster_8
51183,cluster_8
51185,cluster_8
51187,cluster_6
51191,cluster_8
51193,cluster_8
51195,cluster_8
51197,cluster_8
51199,cluster_6
51520,cluster_8
51530,cluster_5
51540,cluster_6
51550,cluster_6
51570,cluster_6
51580,cluster_8
51590,cluster_8
51595,cluster_8
51600,cluster_6
51620,cluster_8
51630,cluster_6
51640,cluster_8
51650,cluster_8
51660,cluster_8
51670,cluster_8
51678,cluster_6
51680,cluster_8
51683,cluster_6
51685,cluster_6
51690,cluster_8
51700,cluster_8
51710,cluster_8
51720,cluster_8
51730,cluster_8
51735,cluster_6
51740,cluster_8
51750,cluster_8
51760,cluster_8
51770,cluster_8
51775,cluster_6
51790,cluster_8
51800,cluster_8
51810,cluster_6
51820,cluster_6
51830,cluster_6
51840,cluster_6
53001,cluster_6
53003,cluster_6
53005,cluster_6
53007,cluster_6
53009,cluster_6
53011,cluster_6
53013,cluster_6
53015,cluster_6
53017,cluster_6
53019,cluster_6
53021,cluster_6
53023,cluster_5
53025,cluster_6
53027,cluster_6
53029,cluster_6
53031,cluster_6
53033,cluster_6
53035,cluster_6
53037,cluster_6
53039,cluster_6
53041,cluster_6
53043,cluster_6
53045,cluster_6
53047,cluster_6
53049,cluster_6
53051,cluster_6
53053,cluster_6
53055,cluster_6
53057,cluster_6
53059,cluster_6
53061,cluster_6
53063,cluster_6
53065,cluster_6
53067,cluster_6
53069,cluster_5
53071,cluster_6
53073,cluster_6
53075,cluster_6
53077,cluster_6
54001,cluster_7
54003,cluster_7
54005,cluster_7
54007,cluster_7
54009,cluster_7
54011,cluster_7
54013,cluster_7
54015,cluster_7
54017,cluster_7
54019,cluster_7
54021,cluster_7
54023,cluster_7
54025,cluster_7
54027,cluster_7
54029,cluster_7
54031,cluster_7
54033,cluster_7
54035,cluster_7
54037,cluster_7
54039,cluster_7
54041,cluster_7
54043,cluster_7
54045,cluster_7
54047,cluster_7
54049,cluster_7
54051,cluster_7
54053,cluster_7
54055,cluster_7
54057,cluster_7
54059,cluster_7
54061,cluster_7
54063,cluster_7
54065,cluster_7
54067,cluster_7
54069,cluster_7
54071,cluster_7
54073,cluster_7
54075,cluster_7
54077,cluster_7
54079,cluster_7
54081,cluster_7
54083,cluster_7
54085,cluster_7
54087,cluster_7
54089,cluster_7
54091,cluster_7
54093,cluster_7
54095,cluster_7
54097,cluster_7
54099,cluster_7
54101,cluster_7
54103,cluster_7
54105,cluster_7
54107,cluster_7
54109,cluster_7
55001,cluster_6
55003,cluster_6
55005,cluster_6
55007,cluster_6
55009,cluster_6
55011,cluster_6
55013,cluster_6
55015,cluster_6
55017,cluster_6
55019,cluster_6
55021,cluster_6
55023,cluster_6
55025,cluster_6
55027,cluster_6
55029,cluster_6
55031,cluster_6
55033,cluster_6
55035,cluster_6
55037,cluster_6
55039,cluster_6
55041,cluster_6
55043,cluster_6
55045,cluster_6
55047,cluster_6
55049,cluster_6
55051,cluster_6
55053,cluster_6
55055,cluster_6
55057,cluster_6
55059,cluster_6
55061,cluster_6
55063,cluster_6
55065,cluster_6
55067,cluster_6
55069,cluster_6
55071,cluster_6
55073,cluster_6
55075,cluster_6
55077,cluster_6
55078,cluster_4
55079,cluster_8
55081,cluster_6
55083,cluster_6
55085,cluster_6
55087,cluster_6
55089,cluster_6
55093,cluster_6
55095,cluster_6
55097,cluster_6
55099,cluster_6
55101,cluster_6
55103,cluster_6
55105,cluster_6
55107,cluster_6
55109,cluster_6
55111,cluster_6
55113,cluster_6
55115,cluster_6
55117,cluster_6
55119,cluster_6
55121,cluster_6
55123,cluster_6
55125,cluster_6
55127,cluster_6
55129,cluster_6
55131,cluster_6
55133,cluster_6
55135,cluster_6
55137,cluster_6
55139,cluster_6
55141,cluster_6
56001,cluster_6
56003,cluster_6
56005,cluster_6
56007,cluster_6
56009,cluster_6
56011,cluster_6
56013,cluster_6
56015,cluster_6
56017,cluster_6
56019,cluster_6
56021,cluster_6
56023,cluster_6
56025,cluster_6
56027,cluster_6
56029,cluster_6
56031,cluster_6
56033,cluster_6
56035,cluster_6
56037,cluster_6
56039,cluster_6
56041,cluster_6
56043,cluster_6
56045,cluster_6
